id,MotivoAdherencia
R_3HIHWivLfA4y37G,ES UNA MUTUAL QUE ME CUBRIRA MIS NECESIDADES EXIGUIDAS POR  LA LEY  N°16.744 EN TODO CHILE.
R_52o0q9z6Srgh8VS,Mejor servicio y contacto con ejecutivos
R_22ykiVGlZEkg1jC,Servicios Gestion  Acompañamiento
R_6mtoBPkRbIEXG1P,Asegurar a los trabajadores Experiencia anterior Accesibilidad 
R_3HUk1lEWtkH4MUU,"La clara entrega de informacion de Ejecutivo que nos visito. Se acerco sin pedir una visita el Señor Carlos Diaz Schemmel, quien cordialmente se entrevisto junto al Prevencionista de empresa y Secretaria. Respondiendo las consultas realizadas de una forma clara y precisa, para luego tomar decision de cambiarnos a vuestra Mutual. "
R_OOJNLNqEPndn5ip,generacion de un mayor vinculo entre SODEXO y Mutual oferta ajustada a las necesidades confianza en el equipo de liderazgo asociado a la cuenta
R_2rGZoNYgRJPIEa5,Mala atencion medica Tiempos de espera Tiempos respuesta
R_5WvsYDaxPUe7Y8B,"Mejorar la gestion preventiva, compromiso en la toma de acuerdos."
R_730QOMaFAkPzfOx,"Cobertura, prestigio, programa de calidad de vida integral."
R_1OrUNrBrafjOc3y,busqueda de entidad seria y realmente comprometida con el servicio agilizar procesos administrativos busqueda de socio estrategico en el rubro  
R_5JD410SovJDw4k9,"Apoyo en gestion de prevencion de riesgos, tiempos de respuesta y disponibilidad de asesor"
R_1IyH4YqFBVZ57dJ,Como empresa nos sentiamos abandonados por ACHS. Buena propuesta y beneficios en el servicio de Mutual
R_3wgEO8rH4z0Lzre,"Atencion personalizada, disponibilidad de asesor guia y buena atencion de ejecutivo"
R_2c0md6sp5d1rr1F,"Principalmente, nos hemos adherido a Mutual de Seguridad con el objetivo de buscar una mejor calidad de atencion a nuestros trabajadores, ya que ellos representan mayor activo. Buscamos obtener respuestas oportunas a nuestros requerimientos y contar con su apoyo en la gestion preventiva."
R_2coypNMUIxrBhXA,"Acceso a Charlas en la oficina, por ser una empresa pequeña no siempre tenemos un numero alto para que viniesen de la achs."
R_7OGMXMB6KjB55gs,"Confiabilidad Venta de servicios e insistencia por incorporarse y luego nada, no existe un ejecutivo como fue indicado "
R_2R2oRuVXQTvqGzw,"Ejecutica accesible, documentos facil de obtener, web amigable"
R_qCUPgnUaiRLQ6Kl,Buen servicio WEB intuitiva Buena propuesta comercial
R_1mQKEIQif6W316X,"Nombre en el mercado, necesidad de incorporarse a una institucion de salud."
R_39tSvw9kSVpxdk5,por que ibamos a tener un ejecutivo personalizado
R_xbGbYcLoZ9BOQwh,Por la pronta atencion al trabajador y proceso de recuperacion 
R_3rJFtGGUjG5s2Qr,ENTREGA DE SERVICIOS  DISPONIBILIDAD Y RESPUESTA DEL ASESOR
R_2zDfkbasisYqFrS,Porque tienen atencion a los trabajadores 24/7
R_1liPOL46eOsNGGW,Facil de acceder a un centro de atencion. Por renombre Confianza
R_2WMht9wtmLbQcdF,PRESTACIONES  VISITAS A TERRENO PAGINA WEB
R_cwt7IRqowprItfX,"Por el trato del personal, muy buena atencion."
R_3imaUlYwieQIYu4,Por el servicio que presta en caso de un evento.                                             La buena disposicion de los ejecutivos para dar respuesta a las consultas.  .La atencion integral. 
R_1r9vAoylHeGoQez,-Unificar el holding de las empresas. -Facilidad de trabajo con el CEL. -PEC.
R_3h58nAyPboBHAk3,Por su plataforma digital y soporte como organismo administrador y connotada experiencia en mineria
R_t07kdkUyAN1Gafn,"por su prestigio, calidad y servicio"
R_2eUrFWmQt7fOlWI,"Seriedad,buenas recomendaciones y responsabilidad"
R_25XVATKcxIB47xW,Porque hemos estado adheridos antes
R_3DnEgGfpZZjSY1r,Atencion Localizacion Claridad informacion
R_3q7Jrg76UeeE5BV,Amplia red de atencion para los trabajadores de la empresa.  Planes acordes a las necesidades de la empresa.  Enfoque en la mejor resolucion de las necesidades del cliente.
R_1cZizKupgMkRYoh,"Por su experiencia, su atencion eficiente y infraestructura y red de apoyo como la clinica  "
R_31uYRGBxgSn7leE,cercania
R_2v0trTx1oSq6WDB,"tiempo que toma el proceso, Cordialidad del ejecutivo Facilidad para acreditar la documentacion"
R_OPcbsAcVRch2Djb,POR EXPERIENCIA ANTERIOR CON MUTUAL  
R_1et0uXKPuStqvRS,Buena atencion en centros asistenciales Buen equipo personal en salud Buena indumentaria  
R_6ydqxxiAfK8DeFj,1- que los trabajadores cuenten con un ente de respaldo en caso de accidentes laborales. 2- la facilidad en los procesos que brinda la MUTUAL. 3- estar resguardados 
R_31TvNI4PwouYBAS,Trayectoria Acompañamiento Rapidez de respuesta a las dudas
R_YRiPZtoJXS3Nn8d,Red de asistencia Centros asistenciales Experiencia 
R_wRfGFptSUhGDxYJ,Seguridad  Atencion  Buenos doctores
R_tFBsmyuESSOPITT,"Seriedad, asesoria  y excelente reputacion de la Mutual "
R_1dLdwDHCMBj5EHR,Es la mejor 
R_2xypK9fT0T2Hcwt,"La claridad de la informacion, procesos agiles y eficientes."
R_3G6V5h65mAzReqe,1.- presencia en faena Collahuasi (cordillera) 2.- policlinicos disponibles en faena (cordillera) 3.- recursos disponibles y enlace con Mutual Asesorias y Capacitaciones 
R_3MJXm4EnVDBsNCt,Por el prestigio Las instalaciones  Y la amabilidad 
R_2Tutt9byohfIxpc,"Presencial Nacional, Servicios Preventivos, Atencion Comercial."
R_27xwrQViepSyWKZ,"Siendo sincero, porque vuestra competencia ACHS ha bajado la calidad de su servicio."
R_27w1rnhAzXAkjaN,necesidad de la empresa y buenas referencias de trabjadores en la atencion medica
R_eRteCI68UBkxyut,No tuve buena experiencia en la competencia.
R_2CPAaoROjYyfZsj,ESO ME PREGUNTO AHORA EN ESTE MISMO INSTANTE
R_23atg8CgKONiPQM,Por su alta experiencia en temas de accidentes del trabajo 
R_VQ4e1mqUblO0FeV,La atencion de la ejecutiva y el servicio de la mutual
R_ahJSOJPSEla4Fcl,Centro asistencial cercano  La atencion de la ejecutiva  Lo facil del proceso 
R_21uDRQNhy7vA5lS,prestigio conocida de muchos años  buena atencion 
R_2aWetrbTJN8g4TB,"Atencion, Experiencia y Posicionamiento zonal.-"
R_33qgyUSWUiUkKTq,Profesionalismo  Confianza  Cordialidad 
R_3Oia71Bv9MKKgS2,Por su experiencia y seriedad 
R_1OHxuf4IeE8BmQW,Cordialidad en la atencion rapidez en la incorporacion y claridad en la informacion
R_voDTOGsxTj3Bd1D,MI otra empresa ya esta adherida
R_3iPukvqQZZn1Wax,Facilidad para acceder a capacitaciones presenciales. Cercania al centro laboral. Instalaciones
R_26b9cc7rWGT1EfA,Por recomendacion  Por tener un buen servicio Por ser atentos
R_3ErLAcr5ubUmkSp,Buscando mejor gestion mayor apoyo en el trabajo   respuesta mas rapida 
R_2zx5gHSz5jKIwFv,respaldo para nuestro personal   atencion seguridad    
R_e3xeaPuWV8XI9bz,Seguridad Rapidez Eficiencia
R_wYnHTKxnK9YImRj,EXPERIENCIA
R_2VmD3XS8ji2HwwP,por experiencia  anteriores de empresas que he trabajado 
R_1N85O3ELliRZY4S,Por la buena referencia de la misma.
R_PAPMhujXp8jjc41,"POR LA EFICIENCIA EN TODOS LOS ASPECTOS, ES UNA DE LAS PRIMERAS EN SU RUBRO."
R_3ptBHlByyeTbMca,Por recomendaciones Para ver como funciona personalmente La atencion segun recomendaciones
R_vChsvo7uQ1KU3XH,Disconformidad con otra Mutualidad. Buenas referencia de Mutual de seguridad. Cercania y adecuacion en la propuesta.
R_3IYwGNauutv1hSn,"La ejecutiva era amable, pero nunca informo de los tiempos, procesos, etc. solo pidio papeles y se olvido de todo con respecto al cliente"
R_7aotsGh6HKt8U0h,Cobertura nacional  Prevencion en terreno  Velocidad en la incorporacion
R_2WIGz4m6q3Osjp1,Ya la conociamos y nos parece muy buena
R_2pWtnaVsyBPLrRI,la ejecutiva me convencio ya que me explico muy bien como funciona todo. 
R_1E0Roi7Anu76Gbl,Porque nos da confianza Porque tenemos grandes expectativas con ustedes Porque esperamos tener mejor experiencia que con el otro prestador
R_1GCT1jns5ra20vI,Falta de asesoramiento de parte de la mutualidad anterior.   Entrega de informacion errada de parte de la mutualidad anterior.    Nula posibilidad de acceder al los ejecutivos responsables de atendernos.
R_2e83d5iORJN5vwN,1. Mi experiencia con la Mutual en empresas anteriores. 2. La ubicacion de sus centro de atencion. 3. La Confianza que le entrega a mis trabajadores trabajar con la Mutual.
R_1CfjOEOwkTBsDSJ,Por la seguridad y trayectoria 
R_QiebcmPUVyZblQt,no me satisfizo  la mutualidad que teniamos anteriormente  
R_dgTXhcHDhfSHqpz,La requiero es obligacion para entrar a las mineras chilenas
R_1dLgmo4jDSNxnOD,DISCONFORMIDAD CON EL SERVICIO DE LA MUTUALIDAD ANTERIOR. BUSQUEDA DE MEJOR ATENCION Y VALORACION HACIA NUESTRA EMPRESA Y SU PERSONAL. VOLVER A MUTUAL YA QUE ANTERIORMENTE ESTUVIMOS AFILIADOS Y FUE UNA BUENA EXPERIENCIA.
R_tDPugT23w10U1od,Rapidez Seguridad Prestigio 
R_5hdgzmwD9Sgey1H,1. Reconocimiento 2. Adhesion a nivel de red 3. Seguridad
R_3Rsgn27cuEzFHtK,"mala experiencia con la mutual anterior en la atencion, pagina web mas dinamica y facil"
R_ywljQAQkv41gWEp,1 Atencion a mis empleados 2 Capacidad de respuesta de mi ejecutiva 3 Amo a mi ejecutiva
R_szpLzvrNC7oXMJj,Calidad Confianza Rapidez
R_2P75Bf23bkw3FZl,Me da mas confianza 
R_XZHMcs9K3kNgG09,"Buena disponibilidad, buen trato, y una buena atencion profesional."
R_1rN9dzB7Rz5XNn5,"Por la propuesta, por la cercania del centro de atencion y hospital y el centro de entrenamiento. "
R_2YEduCqTQg8cq7X,por confiabilidad
R_2zuKcBYCJsCK6ZO,seguridad rapidez buena atencion
R_1HoSrfyTMDli2Ha,Por recomendacion Por implementacion Mejor atencion 
R_2TZ3PmpucshQEGF,Prestigio.
R_5iGsiWpaslWyjdv,Por el servicio profesional que le pueden dar a los trabajadores en caso de accidentes
R_XTCAzr42zWo9ezn,porque brindan una buena atencion al paciente/trabajador 
R_3EHltBmXRVWWFj1,"Facilidad en el proceso de incorporacion, rapidez del proceso"
R_1rIHLswnQ1csU4f,me cambie porque no tuvimos el apoyo de la otra conpetencia 
R_3Nyw1XOe2Ppzyki,El ejecutivo que me toco me simplifico rapidamente todo y logre realizar la adhesion necesaria para poder optar a trabajos donde piden este tipo de mutualidades 
R_2eOUYXoFq6KMnOE,"Por recomendacion, ya que mantiene un mejor plan de trabajo. La plataforma es amigable y permite conocer el resumen de varios procesos. Facilidad para solicitar examenes ocupacionales y preocupacionales"
R_3gOsoEAmonh7bq1,Tener buena cobertura ante accidentes La Mutual tiene buena respuesta a las emergencias La Mutual cuenta con buenos centros de atencion
R_2D8Of33AAWEDsIY,Rapido acceso a informacion Ejecutivo atento y solidario con la gestion Importancia de la mutual en el mercado 
R_1fZxI6juEKfblzh,por tener empresas ahderidas y por la tension visualizada con ellos 
R_2uw8bc2DMtStnXF,Por referencias de otras personas La buena atencion que prestan. Buena cobertura 
R_5psrx17mAy1pBAJ,La ayuda en las necesidades de mi empresa Material de Apoyo Atencion rapida en las sucursales de la empresa
R_33qVYxiobDaySve,Necesidades de empresa de adhesion  Seguridad para trabajadores  Facilidad en los tramites  Cordialidad
R_3QtmllLueVfbPvX, porque la empresa principal esta adherida a mutual y queremos seguir con la misma mutualidad.
R_2TSmu0FrMDh8LN8,"Seguridad, experiencia y trajectoria "
R_DTUR1dhvVvG8fgB,Buenas experiencias en Mutual Recomendacion de empresas Claridad y cordialidad de la ejecutiva a cargo (Barbara Rincon) 
R_1IFvVNBlZ8CUzi8,Excelente servicio :)
R_1i265JaERywYpEA,Seguridad para los trbajadores 
R_1ptbsSCYVhaGUPT,LA ATENCION Y LA SOLUCION A NUESTRAS DUDAS Y REQUERIMIENTOS
R_3PGB4X3gbJMt51N,Celeridad en el proceso de adhesion. Beneficios para el equipo de trabajo. Cordialidad de la ejecutiva.
R_3eajSFzz0AqUgJg,ya estabamos afiliados buena disposicion buena experiencia 
R_1isV21PTGBOoXSg,"Prestigio, red medica y conexion con nuestro giro"
R_20ZD7hPa3T7OHUq,Es un ainstiticion seria y hemos tenido buenos comentarios.
R_2fHAGAULAiIyX1W,Confianza. Seguridad. Respaldo.
R_20UJENypmUlmJoU,POR EL RESPALDO DE CCHC.
R_6hd5pNGR11O8w6d,la experiencia en esta mutual a sido excelente
R_1QH0XDSHU6jBPhu,"La asesoria que brindan, cursos y apoyo constante. Excelente plataforma web con mucha y valiosa informacion de apoyo. "
R_yC0StnMjeUYtMsx,seguridad confianza  rapidez
R_1E1gj4RW4PyBjFH,"1) No tuvimos buenas experiencia con ACHS, ya que nos sentiamos poco importantes para el asesor que nos asignaron e inclusive con los reemplazos de aquel. 2) Probar en el mercado una nueva mutualidad para comparar el servicio que otra nos pueda entregar. 3) Queremos bajar la taza de cotizacion de la mano con una mutualidad nueva."
R_23eQ3Lw8Nfvjaxj,la verdad la otra empresa ya lo tenia
R_1q27kEqPs9L6wdY,"Servicio, infraestructura y seguridad "
R_2wcTVT2LzMQThiK,confiabilidad disposicion por atendernos por su servicio
R_5mqIOsxuVnv5DYR,la que mas se ubica me la recomendo el prevencionista
R_1GH7KYSSvDqeB8I,Por que me exigen una mutualidad Mala la atencion administrativa  Mala coordinacion para realizar un pago
R_2v2Cm5jpCrmZqFE,Disponibilidad de contacto con el ejecutivo cordialidad del ejecutivo facilidad para acreditar documentacion
R_3r1jbUJW6M31KrA,Sede en Coq y la Serena ! Facilidad y por que e trabajado con Uds 
R_3oLWJvu0UYsbcxt,1. La atencion 2. Facilidad en las comunicaciones 3. Muy buena experiencia a traves de otras empresas adheridas. 
R_20Yg6SFuJqdHFrX,"Confiabilidad, servicio "
R_1mwuqtYB6xsps8c,"cobertura, porque es miembro de la CCHC, he trabajados con ustedes "
R_1mUUC571uBidi8S,Experiencia y seguridad
R_eQDOAPAANtzrdm1,Atencion Claridad en informacion y programas Beneficios
R_3JpUfSBhVLrMoZX,En la empresa que trabajo me la recomendaron
R_1pR1fdSLkokqgL0,"Estuvimos por muchos años afiliados y por un problema de atraso en el pago de cotizaciones debido a la contingencia, nos sacaron por tanto conocemos el buen servicio cuando lo hemos requerido "
R_5ubjrWCKeflLiMx,Por la cobertura que ofrecen. Por sus instalaciones que aparentan una atencion optima. Espero no equivocarme. Pago de las licencias
R_7oT5h8YEfqsjBJ9,Propuesta presentada acorde a nuestras necesidades como centro educativo. 
R_1mqmpctbPmZfWd7,Estamos adheridos con otras empresas y siempre hemos recibido una buena atencion
R_12AdaT65HCHqtmE,Primero el requerimiento de mis mandantes.  La responsabilidad por mis trabajadores.  Trabajar con seguridad 
R_3j7IMxsnCPBKIIl,"Referencia de la organizacion, informacion entregada por la ejecutiva, el proceso no es engorroso."
R_27pL3yIc9uKXWNH,"Seguridad, atencion y responsabilidad"
R_3PaXkEmv9tmeTnc,He trabajado antes con Mutual
R_T5Bk0pH0FGbxWgh,Bueno todo 
R_274ptGTGLLqQ8MI,Precio de los examenes pre-ocupacionales Certificacion PEC Modelo de atencion adherente
R_3flxIIIplWw2WsE,Fue la unica que me dio una solucion aun inconveniente puntual 
R_3Gf7ZKwIKRvkp1r,Pense tener mejor atencion  que en ISL
R_1g2DyviHTPley3c,"Confianza, calidad y seriedad"
R_2vlcqGVPgLvN7mP,Por experiencia  dada por otras persona que esta adherido a la Mutual.
R_25uYScOsfMSDAtk,Es mi emprendimiento como empresa y los considero lo mejores  
R_1lntOYXpU93wICu,Es una mutual conocida por su reputacion y recursos adecuados.
R_32RZSl1iWZWU7Wl,"Prestigio, trayectoria y red de atencion "
R_Rlb9Fa8rp3in2ff,"La Experiencia, disponibilidad y trayectoria"
R_41kM2HTwACaq1CV,CONOCERLA. FACIL INCORPORACION. BUENAS COBERTURAS.
R_1XpcIYCYqDO3bQl,Proteccion para los colaboradores  Cooperacion para poder crecer Primero la seguridad 
R_1QuQ8XJv7KDtE1Q,confianza - seguridad - rapida atencion 
R_Ab5BPfPxyLT6gsp,He sido adherido a la Mutual desde el año 1988 en todas mis empresas.
R_3QtwSiM7m6CMvRf,1.- Espero contar con el apoyo y acompañamiento para la aplicacion del Programa de Seguridad y protocolos aplicables.  2.- Contar con la disponibilidad de realizar mas de una capacitacion por mes 3.- Asesoria a Brigada de Emergencia
R_22QcieBKtqt6tN3,disponibilidad   seriedad y el profesionalismo
R_8jj5KBTe8hAGHRL,trato personalizado y cordial del ejecutivo. facilidad para la contratacion. y el compromiso de trabajar en conjunto para respetar y ejecutar lo que la ley exige.
R_3fUinOFeOrf50P6,Por experiencias previas
R_28M5TiPDUQ8mw88,Atencion personalizada Excelente atencion en los centros Los profesionales asesores 
R_1PcVeB2ICyrSzMm,La importancia d la salud y segurida
R_1yar4EQwianVMTV,Calidad de servicio  Reputacion Cercania 
R_1EXy7gdT51CEhzk,"cercania, rapidez en la atencion, portal de facil  acceso."
R_tFhf82lzrOFjyFj,Ya estuve adherida en otra empresa a Mutual Nunca he tenido algun conflicto con esta mutualidad
R_2YYqVEgAUSzQqKd,prestigio
R_1FCVMbRp1H54YbK,Porque necesitamos como empresa respuesta rapida de capacitaciones para nuestro personal  Porque requerimos  tener una rapida respuesta a nuestros requerimientos Por recomendacion de nuestra Prevencionista de Riesgos
R_CaevX9Pp3VXLNXr,Seguridad para el trabajador Por motivo que contar con asesoramiento respaldar documentacion y otros 
R_WilksJQBEeg8qn7,Servicios y beneficios disponibles Empresas del rubro adheridas tambien a mutual Mala experiencia con OAL anterior
R_1TSDC7ckKeJqvl2,La reconozco como una institucion responsable con los trabajadores y seria con las empresas
R_5tCZ6Zj5NnsSB36,Seguridad 
R_7isuZNligiw52Dx,Recomendacion
R_39ncaTRW87OuikT,1Confianza 2prestigio de la institucion 3dar seguridad a mis tra
R_5fraHVeKinxR4D4,"Relacion directa con Expertos, disponibilidad para apoyar en nuestra gestion "
R_18SsUqDpbMI9RPj,Por seguridad
R_3BrJQFERchzIyDO,1.- Por la calidad de atencion  2.- Capacitaciones presenciales y virtuales 3.- Asesorias en documentacion.
R_1mlKHKT9SIJzvFl,"Infraestructura a disposicion del adherente Respuestas inmediatas, con solucion a inquietudes propias de mi empresa Respuesta a requerimientos, acceso a plataforma de Mutual de forma expedita."
R_11WMMFuoL78UtMA,Prevencion  Incidente Accidente
R_33ax1ZFZqmu5ivD,buenas referencias
R_3FLOfUNV238lkWd,Confianza Seguridad Tiempo
R_3FYJxn22gsQbwDD,Prestigio Infraestructura Atencion. 
R_6ZHL5BZGom8xJLv,Buscamos mejor atencion en caso de accidente para nuestros colaboradores. Se dispone de sucursales de atencion de urgencia en regiones. Mejor acceso y comunicacion con especialistas de prevencion de riesgo y ejecutivos.
R_3JdUmziWF9zdBKM,Para mantener la continuidad en etapa anterior de la empresa.
R_9LhmFQjzVHM1Bzr,* Centros Cerca del lugar de trabajo
R_7pc9giC9HecAHrH,"calidad de informacion, apoyo constante a consultas, excelente trato de ejecutivos"
R_3LC38dXfGfqiqAN,"Calidad, tiempo de respuesta y sistema de atencion"
R_3NaxsrdHQtc7Fih,Prestigio buena atencion y cordialidad hacia empresas nuevas 
R_5PTub0vshcFmubT,excelente
R_5ZOoMJ3HeDTD6Bf,PRIMERO   BUENA  ATENCION  SEGUNDO   RAPIDA  LA ATENSION Y ADHESION 
R_7gdrJAW9ct2AQn6,Por ser una institucion de prestigio
R_5GEqpyuy36HlZLz,INFRAESTRUCTURA...PROFESIONALISMO...EXPERIENCIA
R_5rOojTnsvsldUD7,"prestigio, respaldo, beneficios."
R_3oGeDe08nY4ITaq,"Principalmente, porque la sucursal mas cercana ofrece los examenes que, frecuentemente, debemos solicitar. Presiento, por lo señalado anteriormente, que se va a generar una relacion mucho mas estrecha que con la ASCH. Finalmente, ofrece una serie de asesorias y otras alternativas bastante utiles, sobre todo, para las PYMES."
R_3c7AmDljAnSUEmZ,"Confiabilidad de la informacion y examenes, y posibilidad de realizar cursos"
R_3tg0i0EEFydDzyx,Cercanos a los trabajadores. Excelente atencion y rapidez
R_5LeqpJeqlSLtycu,Por el valor por recomendacion 
R_149X9GWjHb9Lcqd,"Por la seguridad de los trabajadores que tenemos con nosotros trabajando y hacer las cosas bien,  cumplir con lo que se establece para su seguridad. "
R_1BsLZfBNQ0mQny4,1. Calidad de la atencion. 2. centros disponibles 3. El prestigio 
R_7Jf67wLNePYkp5Q,Es facil el proceso de adhesion. Es una institucion de la CCHC. Buena cobertura a nivel nacional.
R_6OoDwmMHLhxVfTJ,"Seguridad, Calidad y Atencion"
R_6mUG0tUN5oeRZsA,TENIAMOS EXPERIENCIA CON MUTUAL
R_6ykC7zfceW46wNm,"Tengo que descatar que fue una adhesion muy rapida sobretodo en mi situacion que tuvimos que realizarlo contra reloj, eso lo destaco, no obstante, no he recibido mayor conocimiento al respecto, todas las preguntas que se realizaron coloque un 3 puesto que no tengo como contestarlas"
R_1Nmc6juK039egqR,Trabajo anteriores en mineria con Mutual Iquique area Higiene excelente Asesoria 100% actualizados protocolos / aspectos legales etc
R_21oSWq46PyFfWWY,"Trayectoria, recomendacion.  "
R_3Hwciuk6YpXBNka,"EXPERIENCIA, TRAYECTORIA Y ATENCIoN"
R_3nUhLwLsMAsZGJZ,"Confianza, he trabajado con mutual, cobertura."
R_6F4FHFvAdHw1RWZ," Seguridad, eficiencia, disponibilidad"
R_3duMyWvLwm0gsZw,La experiencia.
R_1dXMxMQ9BN3NFcp,Prestigio 
R_6dSyokSq6BaDgp4,"Tenemos otra empresa afiliada y estamos muy satisfechos con todo, que son mas de 3 razones...gracias"
R_1aDO5hDuEz0jJnP,la rapidez de gestion factibilidad buen manejo de informacion
R_5s2oRFzUAk56u9X,Una nueva mirada a la seguridad de la empresa La atencion dedicada que nos van a brindar en esta nueva etapa El pertenecer a un sistema en que nos puedan guiar de acuerdo un programa.
R_7kIbmSkZhRN9ypB,Cobertura Seguridad Servicios
R_7MKds4RfPYOzqAS,Confiabilidad Atencion Rapidez
R_7oLwFnwrE4BWozE,Porq me disen q son efisiente en cuanto a tramites a realisar 
R_3Pu4Tbyeuqzs3BK,REFERENCIA DE OTROS ADHERIDOS 
R_7VDPFGZ2ohAyHjH,Seguridad Experiencia Profesionalismo 
R_5MYZHUZwEd1mntC,El regreso a Mutual de Seguridad se debio a: 1.- Mala informacion de pacientes con atencion. 2.- Informacion erronea de nombres y region de trabajadores atendidos. 3.- En una investigacion por posible enfermedad profesional indican testigos que no conocian al trabajador fue un error ya que copiaron y pegaron de documento anterior.  Basicamente errores de administracion 
R_51hApEjCdiRoQ7l,"Reconocimiento de la organizacion, excelencia de servicio y profesionalismo de la ejecutiva Srta.  Castillo, frente a consultas y guia en todo el proceso."
R_5lESXRrCBazcKw0,formalizacion empresa seguridad  confianza
R_1XjOhDbivBrfYQh,"Prestigio, calidad de servicio, resolucion de problemas"
R_6ti2Tk2lGiZ0omt,"Experiencia, prestigio y servicio"
R_3RxUhNo8q8B17Km,"trayectoria, cercania, experiencia"
R_1GDrTv1agcgApas,Prestaciones  Cercania Obtener certificados 
R_2wT62jhiQVbyzWb,"Confiabilidad, disponibilidad de infraestructura, seriedad."
R_1Y5HxMbuKSpWMqY,Por que lo exige la empresa.     Por que es muy buena la atencion en mutual.         Por que no conozco otra
R_7pLuSKvZJYbzKoC,Prestigio  Por el personal  Agilidad  
R_3pPLsGBTsmnIeC8,Sencillamente que las demas mutualidades tienen pesima atentcion a los requerimientos solicitados. Esperando de ustedes la mejor atencion y despues nos encuestan.
R_2CBwKQMVmdLR2VV,Calidad de su servicio
R_3mFrbtiqObE4ayK,Entregar mayor seguridad a mis empleados Calidad de atencion de la Mutual (por referencias) Zona geografica de operaciones de la empresa coincide con hospital de la Mutual
R_53vtgDDb8pszyEZ,bueno
R_17IifVjrhAp4kWD,Facilidad de comunicacion Pronta respuesta ante diversas situaciones. 
R_726ltZTwS7GxGi8,- Por la buena imagen que se tiene de Mutual en las Empresas - Por el apoyo logisticos de sus centros de atencion - Por la recomendacion de una Empresa
R_3CjXBAjftJ0ZRq9,La ejecutiva muy amable y disponible para responder cualquier duda.-
R_3dnw7GAkaWSLn45,1.Excelente atencion de mutual a los trabajadores en caso de accidentes o enfermedades. 2.Excelente asesoria.  3.Facilidad de informacion tanto en plataforma como ejecutivos.  
R_3i9z9rFnIknkqi2,"Experiencia, Calidad en la atencion y por ultimo el factor humano de su personal "
R_37PDfekRDPBuMZi,ejecutivo muy atento y amable..
R_7iCeXFm3ze748iR,por todo lo ofrecido por ejecutiva
R_1sspW2sSKw0HV8L,Contacto de personas que trabajan en Mutual que me dan confianza en el proceso de cambio. Acompañamiento y claridad en el proceso de cambio que permitio tomar la decision. Expectativas de mejor atencion y servicio respecto a organismo administrador anterior  
R_4Gy79tnOXUymglb,Mejor servicio
R_5HizGXGsBuL6AMd,- PORQUE NECESITO QUE LOS TRABAJADORES TENGAN UN SISTEMA DE MUTUALIDAD EN DONDE LE BRINDEN LA ATENCION NECESARIA EN CASO DE ALGUN ACCDIENTE DE TRABAJO. - POR PRESTIGIO DE LA INSTITUCIoN  - MUY BUENA GESTIONES EN EL PROCESO DE LOS ACCIDENTES DE TRABAJOS Y TRAYECTO. 
R_1OACUS5k5luFk12,"por la gestion por la disponibilidad  por la preocupacion que tienen con las empresas independiente si son pequeña, media o empresas grandes"
R_5OH2MFxAlHzUykN,"Por cercania a la  empresa. Ya habiamos estado, y esperamos no tener que salirnos nuevamente. Atencion las 24 horas."
R_2966IRdnmN3BdKV,Fue recomendada por nuestro Prevensionista
R_3U6DgtFVcswmaJz,Porque debo proteger a mis trabajadores. Porque requiero orientacion sobre el reglamento interno . Porque requiero informacion sobre la obligacion de informar 
R_13Pr4qBHp5biQqB,Ya estuvimos en ACHS e IST y ahora queremos conocer la atencion de Mutual de Seguridad. 
R_362BXQ3DGprvcUF,por prestigio y tradicion  
R_1SJ3Z0hrXDsA0PD,servicios y prestaciones Asistencia de ejecutivos sobre  requerimientos
R_6hoKYDHyc9sUPIW,Comentarios de los procesos como se llevan a cabo por empresas ya adheridas a la organizacion.
R_4rj1PWgk0WJ2zD3,La ejecutiva llego al local comercial . Eso lo hace ser rapido el proceso. Informacion clara. 
R_1fv0mfsdzQGS1IB,"Atencion, servicios, seguridad"
R_1t0TMSOLFhSuy7T,atencion primordial para los trabajadores. informacion importante que entregan a traves de la pagina en medidas de seguridad confianza
R_70oQnu1BdG1pkFx,"La informacion proporcionada por las ejecutivas, Veronica Oyanedel y Rossana "
R_6XaKD8uRaDP0k3T,Probar el servicio Mala experiencia en ACHS
R_82TmBVCh2QlAVEZ,Prestigio Seguridad Confianza 
R_1IuwDD2o7Bl2akx,Practicidad
R_5CxHR4kOLaVDcWb,"Reconocimiento, instalaciones y capacitaciones"
R_3GqToneLf0OcQvL,Prestigio nacional. Rapidez en la tramitacion. Gentileza en la atencion. 
R_2exunMFG7sxu3Tu,"rapido eficiente buena plataforma, entendible y practica, sobre todo para obtener Certificados"
R_5NDoMQIDhUmZcsc,El servicio que entregan a los adherentes  La propuesta comercial aterriza a nuestra realidad y negocio El apoyo de equipos con los que cuenta Mutual para dar soporte a las necesidad de cada empresa.
R_30wuhMT9wfloPnt,"Acuerdo comercial, atencion del equipo Mutual y estructura para sus clientes y funcionamiento "
R_7YciALMekGcHAbM,"ATENCION CLARA Y PRECISA, RAPIDEZ EN LA ADHESION"
R_6oBfX4Ar426ljxT,"Solo por referencia , pero no entregan la informacion clara "
R_731mzyktLZrYLVc,"prestigio, experiencia de otras empresas y rapidez en el proceso de incorporacion"
R_7J3lcZtKvo6YPz4,1. Modelo de atencion. 2. Servicio de excelencia. 3. Buen clima laboral. 
R_12MwMNpf7nUdS5b,1.- Hemos sabido de la buena atencion a los trabajadores y las excelentes       instalaciones con las que cuentan 2.- La confianza que nos da la antigüedad de la mutual en el mercado 3.- Las facilidades de ingreso a la organizacion  
R_61tkAjWP26pLWZB,"Por un beneficio para nuestro equipo de trabajo, por sus beneficios y porque pensaba que ustedes eran profesionales, pero me equivoque."
R_12salZ9OqqJWo2b,"RAPIDEZ, EXPERIENCIA,CONFIANZA"
R_7oF9o34nBfHMZmV,Cercania  Datos  Servicios 
R_1OQuKZS12L52qjL,"mejorar procesos para los trabajadores, generar seguridad y respaldo y obtener mejor atencion medica"
R_1qTYq2DSKewppc0,"confianza, seguridad, beneficios"
R_3hmRDES4uygs8UI,Problemas con la ACHS
R_5M4LAA630eZ6eYI,La buena disposicion de la ejecutiva Rapidez en los tramites para incomporarnos En la entidad anterior no teniamos mucho acceso a informacion y nos cobraban muy caro
R_5Os26Ayi1h13ld4,Toos nuestros mandantes trabajan con Mutual.
R_3mHB0toP8iyEQrn,"Es una de las mas grande Tiene respaldo Muy buena atencion de la ejecutiva, amable y cordial"
R_3pm7biWhLi2sRx0,buen servicio buen asesoramiento informacion clara
R_5x9R7RhQTq7UA7v,"Necesito mayor en el proceso de creacion de protocolos, creo que la Mutual puede ser un apoyo efectivo."
R_6egnEOTmAogTwBz,1.- Conocimiento de su trabajo 2.- Calidad en la atencion 3.- Rapidez en aclarar dudas y apoyo cuando se requiere.
R_6sbwVV4aN56bRsx,Queda cerca 
R_7CEBp5EpROkCbjM,Cuenta con sucursales cerca de las oficinas de la empresa y tambien en variedad de comunas.
R_5s5qSJQ16Dpu9qA,Seguridad Eficiencia  Responsabilidad 
R_60vrRFe4wM6PszT,rapidez buen servicio 
R_67KiANT4Y8pWPKg,"Postular a un trabajo, y debido a estos errores he perdido esa oportunidad"
R_5CQy0Ic72twEdQC,Por que la atencion en el  OAL al que estabamos adheridos fue pesima. Por que Mutual es una empresa bastante estructurada por lo que confio en que tendremos mejor experiencia de atencion. Porque pertenezco al NEC 
R_3nVHChLKBA5fVXH,"EXPERIENCIA, ANTIGUEDAD, Y BUENA ATENCION"
R_5w6iDOzrln4S7Jv,"Comprension ,Rapidez y amabilidad."
R_6n2UdThXTuUn6aS,Visitas a terreno Mi mandante esta en Mutual. Posible facilidad en alinear con mandante en materia de seguridad y salud ocupacional.
R_5VdXxPDnFwPEwIh,El tiempo de respuesta mas rapido que la competencia. La confianza que me entrega ya que conozco algunas funcionarias de Mutual LA. El trato a las personas por parte de algunas funcionarias (no todas)
R_5CE3EpWhOseVoQM,Me la recomendo un amigo experto en seguridad. Y lo cual me siento conforme con Mutual. 
R_625ynzjfgRJGKJ4,Cordialidad del ejecutivo; facilidad para acreditar la documentacion y tiempo que toma el proceso de adhesion.-
R_5wuFoEOYu9A8Aj4,La atencion de la ejecutiva  Las capacitaciones   
R_39cypW4ixTFOKP3,1.- Ya habiamos trabajado con Mutual con otra empresa de nosotros 2.- La predisposicion siempre de estar ahi 3.- la calidad de personas que tienen en los dos cargos mas arriba nombrados
R_18Jls7TEtMpeIHn,Recomendacion
R_5oC3EEKB2FZGvik,ENTREGA DE INFORMACION COBERTURA IMPLEMENTACIoN 
R_6TN8C0x98hmwqXZ,Por la atencion oportuna y de calidad
R_7fdlCOOcJOSnj7X,"1.- Nula comunicacion con ACHS durante el periodo de adhesion con 0 accidente.  2.- Dificultad para solicitar examen ocupacional solo a traves del servicio 600, Resultado sin respuesta (Telefono jamas contesto). 3.- Personal imposibilitado de atender solicitud de examen ocupacional. "
R_10pJyOZsN6woEvw,calidad en atencion mejores y mas centros de atencion rapida atencion 
R_7Pb0X0EQ1IsWgU6,"La atencion de la ejecutiva fue muy profesional, amable e informada. El tiempo para la incorporacion a la Mutual fue rapido, sin tramitacion complicada Buenos beneficios para mis trabajadores"
R_333okDZ0JogCdX8,la buena disponibilidad y buen trato
R_7PXWIdE1E2WOIwB,"Rapidez, conocimiento y empatia"
R_6odtAUfrnoIFNlt,"Primero la proteccion para nuestros trabajadores, estar bajo los parametros legales de la seguridad chilena y la capacitacion ante diferentes materias."
R_8NTXN2tXmKkDZe3,"Me solicitaron el cambio desde Achs, debido a una fusion de la empresa, y la ejecutiva asignada a la otra empresa espera la aprobacion de la otra parte para hacer gestion con Bollore"
R_5rrB5vSbUgJd6HD,"comunicacion muy fluida, pero solo hasta la firma de la documentacion, desde ahi cero"
R_3DnN2xwRVZ7HfXY,1- Mas presencia en Mineria. 2- Tienen mas empresas de transporte Adheridas. 3- Disponibilidad
R_1ZDii9pWAUPqJ66,Seguridad en la atencion de buena calidad en salud y traumatologia Cercania con posta del lugar donde se presta servicios Disponibilidad en dudas administrativas
R_7mzrk9lMGRlfVwR,Buena atencion En la ora empresa que trabajaestabamos adherido a mutual Excelente laatencion para la adhesion
R_6FJKS6COZXu2bBb,Nos adherimos a la Mutual fue necesaria ya que con el sistema ISP solo se pueden atender en sistema publico Hospital y/o Cefam y eso es un problema de tiempo y profesionalismo que no estamos conforme con nuestros colegas
R_3CV7yg4VGsqHial,"Eh pertenecido por muchos años a mutual en las diferentes empresas que eh participado, hoy que formamos nuestra propia empresa quise mantener la calidad de mutual"
R_7ztHWJRHb9ZdOjw,pensado que era una empresa  seria . pero me equivoque
R_3kY2b8DTbhnyTyj,"Por el apoyo en el proceso, porque la pagina es mas facil de acceder"
R_3irr0Y5YZiVwThB,"beneficios,  seguridad laboral mejor servicio"
R_5Ej6fmFz535DByS,Por que nos contactaron y nos expusieron que era mas ventajoso adherirse a mutual que a institucion que nos encontrabamos anteriormente.
R_6fkBx5kAlYIg0jK,pues estabamos en ISL
R_617LFARkTh7tiEb,Buena experiencia previa desde automotriz  Demuestran preocupacion e interes en ayudar en todos los procesos  Compromiso con el bienestar de la empresa y sus colaboradores 
R_7I4g9a6Esu7sIPU,Buena atencion Rapidez de atencion  Cercania
R_1fw1tTBtLJMlbHO,"CERCANIA, DISPONIBILIDAD, ATENCION DEL PERSONAL SON MUY AMIGABLES "
R_309Tz2d0iVyxuM1,Cumplimiento de la legalidad. Por la importancia de recibir una buena atencion en caso de necesitarlo. Por recomendacion.
R_1nwxzqAFtiRWEgh,confianza  seguridad  necesidad 
R_3y4m0XWlUhMdaNJ, Mayor seguridad  para todos los trabajadores  Tener una pronta atencion medica  Acceso a todos los examenes requeridos  
R_3G8kvvTjwSNpVKr,"primero fue por la informacion que nos entrego la ejecutiva, nos asesoro muy bien. El servicio es de mejor calidad que en otros lugares. facilidad de adhesion."
R_6FUnQLRe1YGg9rW,Por confianza
R_5R8yCMV4J2jj33P,BUSCAMOS MAYOR ACOMPAÑAMIENTO DE LA MUTUAL EN NUESTROS PROCESOS DE PREVENCIoN MAYOR CAPACITACIoN EN MATERIAS DE PREVENCIoN 
R_7bPZRn0e3GxRJYb,"atencion personalizada, disponibilidad ejecutiva, facilidad acreditacion doctos."
R_1POEdM2NQH9RYrf,1 Cercania con la Empresa Adherida 2 Disponibilidad de Ejecutivo y Simplicidad de la Plataforma 3 Forma de trabajo con Adherente
R_6i3mZnXifcZqPap,"1. Necesidad de Mejorar la relacion con los servicios preventivos 2. Necesidad que la Mutualidad se adapte a las necesidades de nuestra empresa y no la empresa a las necesidades de la Mutualidad. 3. Menos burocracia para contactos y/o necesidad de informacion, sobre todo en aspectos medicos."
R_615OHeMFrfLfGhu,Confiabilidad y Cordialidad
R_6nTSTvuHfS6VUJM,La rapides La covertura El servicio
R_6tljN1bvigLgPTB,"Años de experiencia. Me ayudan mucho en la gestion (licencias) En todas las empresas que he estado, tengo muy buena experiencia con MUTUAL."
R_7HbQZhe28ftBO01,Por deficiencias de la anterior administradora del seguro .
R_7Yom5Cy0z6SGiYy,Buen servicio
R_6SNWm8gTWAPlI7D,La calidad de las capacitaciones.
R_1O1xG2nsJg5Yth6,sin muchas alternativas
R_101c7rJuAKKdZx1,"Experiencia, buen trato, eficacia "
R_5jtXFQlszDWN2iR,"Seriedad , accesibilidad,trayectoria"
R_7pujkVxIdDtLTL4,"Atencion de los Profesionales, los beneficios, Facilidad  de Adhesion"
R_6saWHqyzsio8I57,Por prestigio perteneci a una empresa que trabajo con ustedes y eso me dio confianza
R_3FtZ5dTSNNsdM4F,El precio y la claridad de la informacion.
R_7gIUAFpMwLK9TMo,Por confiable  Por amables Por cordiales
R_1D0ElfBzSuzTfW6,informacion cordialidad del ejecutivo ayuda en prevencion de riesgos 
R_32mrGUXrQDcE7wq,Cercania con el ejecutivo que me atendio y ayuda proporcio ada por dicho ejecutivo
R_7dpwG1dBGyjKHL3,Porque ya la conocia  Confiabilidad Asesorias
R_1jdFvK1CllaUx4H,1-Tengo qe estar aderido a alguna mutualidad para resguardar el bienestar de mis colaboradores  2- como empresa es obligatorio contar con sistema de salud para los trabajadores  3- me recomendaron a mutual de seguridad como la mejor ..
R_6aP0PD2sQaJrvF5,LA ATENCION EL APOYO EN TEMAS DE PREVENCION  Y ESPERO QUE SEA BUENA LAATENCION EN EL CASO DE EMERGENCIA 
R_5nNrcVgNQtLqLFi,Por recomendacion de prevencion de empresa Por servicio Por infraestructura
R_7Jqf7Hb1yUKc2cx,Seguridad  Compromiso  Responsabilidad 
R_6ENnst6laaOGFtm,"por que ACHs no me entrego atencion oportuna, causando una demora importante en mis procesos de seguridad"
R_7WHNPRUwkFh1i5H,- Mejorar la cobertura para los trabajadores en caso de algun inconveniente. - Conocer mas de mutualidades y sus servicios. - Capacitarnos mejor sobre accidentes y su prevencion  
R_6Sf9ckUxkgjaDW6,"Capacitaciones, mejor seguimiento a situaciones,"
R_6pcnnvnQvlFoBCF,"LLevo años en el rubro de la construccion, y si bien ningun sistema es perfecto, el que a mi juicio entrega mayores certezas ha sido siempre MUTUAL"
R_1t3Vp3mj0F424qG,1.- Es conocida  2.- buen prestigio  3.- tiene atencion medica propia 
R_7GxZd9SR4hf6KOP,"Falta de asesoria de antigua mutualidad: asesoria tecnica, preventiva y medica"
R_3VMuGH7lpW9YNaN,Oportunidad en entrega de informacion  Contacto inmediato de ejecutiva  Claridad en recepcion de info 
R_7S7F9aRmJiMZytC,Por experiencias de otras personas Por necesidad de tener seguridad en mi trabajo Por sentir que uds podrian ayudarme a estar tranquilo y protegido 
R_7Hwvlp8PnEu6iul,Buena atencion a los trabajadores 
R_17DsdpDfA4w3zey,Confianza Contactos Forma de trabajar
R_5Xbwx3SIBvad8w2,seguridad para el personal
R_3nl6XtKa1TJrgd2,Seguridad Tranquilidad Atencion de tramite rapido
R_77vv76xHXMmbwTh,SEGURIDAD CONFIANZA RAPIDEZ
R_7UyDuuwf2VoMwtH,"Seguridad, responsabilidad, compromiso"
R_5XxvpmLC1M0ZTTb,solo para no asistir con el personal a un Hospital
R_7ND40Z5r5LuhGOH,EXPERIENCIA 
R_3JnLfIBEjtwkaNb,"1- por recomendacion de otra persona que tiene una empresa. 2- por su facil acceso de poder ingresar a descargar o ver documentos  3- trabaje anteriormente como administrativa y tuve la oportunidad de estar a cargo de reservar las horas para examenes ocupacionales de los trabajadores en otra institucion de seguridad, pero era fastidioso tener que enviar mucha documentacion para que pueda ingresar a la empresa un nuevo trabajador y reservar hora para examenes, porque se debia corregir si algo no estaba en su formato y llevaba muchas horas entre enviar y esperar correcciones y respuestas, despues la empresa decidio cambiarse a mutual por recomendacion de otro empresario y alcance a manejar las reservas de horas por 3 meses y fue suficiente para darme cuenta de que, no todas las instituciones de seguridad funcionan de igual manera en cuanto a la tecnologia que usan para realizar de forma mas rapida y eficaz un tramite.  "
R_7mLyJuZFAVktbsN,"Es obligacion legal elegir una. Espero sea la menos mala en comparacion al las otras alternativas, en experiencia anterior no tuve buena experiencia pero espero haya mejorado."
R_6qxwAO1TvpGYNNp,"Contacto, cordialidad y confianza"
R_6lrzvEj4TyyC2IV,Trabajo mas personalizado. Generacion de Visitas en terreno. Tiempo de respuestas 
R_61H17n3zco60jTj,Por la atencion 
R_1E9CfRmvEe4zi4w,BENEFICIOS COSTO Y SEGURIDAD
R_3lAfU1sTNWmArVF,1..Para cumplir requerimientos legales  2..Tener seguro para mis trabajadores por alguna eventualidad  3..Entrar a trabajar a las grandes empresas de nuestro pais 
R_5AeoOdhRXkXVMOd,"Rapidez para generar documentos, facilitarnos los procesos."
R_5fkfx6fkO9J3UBE,Cobertura  Plataforma  ATENCIoN A PEQUEÑAS Y MEDIANAS EMPRESAS
R_3IXYIte9VKJfjf6,Por seguridad  Por salud  Por adhesion 
R_3CTCWyYT4bU6m7n,Excelente atencion de la ejecutiva
R_5uBQef5A6pD74dD,"SU INFRAESTRUCTURA, BUEN ATEENCION Y ENTREGA CONSTANTE DE INFORMACION VITAL."
R_1pfiwTXdB8AEJpf,"Atencion, cercania, facilidad.."
R_16iPOjiFG3H2L6x,Prestigio  Calidad de atencion  Coberturas
R_1eK8YJkZc1eSMcc,"Prestigio en el mercado, ejecutivos con bastante conocimiento, reconocimiento de la marca "
R_7FVAfDCmlPY4eR3,.-Solicitud para ingreso a faenas .-Seguridad y confianza .-Rapidez del proceso
R_1tTMeJJRxcaWHAt,Por recomendacion de terceros
R_3obCGyU6to8RA3V,Por que ACHS nos abandono… perdimos tiempo valioso por burocracias internas
R_7nXajjsCueqAKrf,"1.- Lo principal es que desde el primer contacto tienes un ejecutivo, quien te entrega toda la informacion del proceso. 2.- despues de la incorporacion siempre tendras un asesor asignado a tu empresa resolviendo tus dudas, capacitaciones, etc."
R_7kN4G1I9IkmocEL,1.- Necesitaba estar en mutual para una licitacion. 
R_6jQc0nT3dscrYgq,Informacion a corde a las necesidades. Disposicion para resolver procedimientos. Amabilidad del personal a cargo.
R_3XWYlfKvNLWblNT,Primero que todo deberia tener un respaldo frente aun inesperado escenario de un accidente leve o grave 
R_6MT32Ap8NwOBtHp,"Conocida por trabajadores, buena asesoria y prestigio."
R_1SJnbCYserejeox,por la importancia que le dan a las empresas 
R_5th937wxpdIP7Wu,"Para recibir una buena atencion, sentir que la empresa, a pesar del tamaño, es importante para ustedes. Porque necesitamos mayor presencia de la Mutualidad en la empresa, que haya una real prevencion de riesgos. Recibir capacitaciones, acompañamiento para el Comite Paritario, charlas, etc."
R_5ruUtjVBZ7bI3sY,Confianza Buena cobertura en riesgos Buena atencion
R_30dh0DPmzqfxYUm,Rapidez y excelente atencion.
R_3K9bxlxGAqeDyqV,1- Mala experiencia con ACHS 2- Facilidad para la adhesion 3- Altas expectativas de su trabajo
R_6w5J1CH5XT5yFQy,Por su atencion  medica especializada en los trabajadores 
R_5zv8Zg5bED36lzz,Por los beneficios que ustedes me otorgaran 
R_7Ms4vB1pLCSnUeL,"Porque en la antigua mutualidad era pesimo el servicio y compromiso con las empresas , creen que enviar un email alcanza a llegar al cliente y creo que noe s asi cada empresa es una xperiencia distinta y deberian trabajar para adaptarse a esto"
R_6jUNsy40cqMwJHM,Seguridad 
R_7PvCmjhc7azH4tz,Cordialidad del ejecutivo. buena disposicion frente a los procesos. Propuesta clara y eficiente con respecto a lo que necesitamos.
R_7gOI2azAEkOcYKZ,"Por lo amigable, rapidez en las respuestas,y muy buena informacion."
R_1AEkly7iDgo6gnA,"El Holding esta compuesto por tres sociedades y estamos agregando una cuarta, hasta ahora no han habido inconvenientes en la atencion hacia nuestros trabajadores, lo importante es que hay excelentes programas de prevencion y eso ha permitido no tener accidentabilidad ni enfermedades profesionales... "
R_3BkspEpSH2Gh7na,lo que se conoce de ella la cercania de un centro de atencion a la empresa las referencias
R_5FzAgupLAbnp6BU,Lo mejor en seguridad 
R_3HY6nVjElJyqke7,Compromiso Responsabilidad  Buen trato 
R_7JJDIW7qIAQGQgo,Por que el prevensionista indico tener mejor relacion con esta mutual
R_6NlTG33Q4z57crv,1 - RECONOCIMIENTO 2 - CONFIANZA  3 - CALIDAD
R_7CVaY46lHwQKPWT,"La cantidad de centros de atencion, sus beneficios y centros de capacitacion."
R_7jvUuLLZH43imSh,Me gusta. Eficiente  Tiene todo lo que se necesita 
R_616XS0WScI29meA,"Primero porque una pyme debe estar adherida a una mutual, y ustedes son una mutual reconocida por los trabajadores. Segundo; porque esperamos que esta mutual nos ayude a minimizar los riesgos para los trabajadores."
R_6msJNUkfJgPChDc,"La verdad que fue una urgencia, pero muy grato saber los beneficios, las herramientas disponibles, muy grato y agradecido."
R_1j6TS5GOC3Sz27C,Por que tengo buenas referencias.
R_3llNwKIFDvtdB5h,Por lo mismo seguridad 
R_57ziWgaUzhDFmil,Ya estuvimos anteriormente adheridos con otra empresa 
R_3kCmKZXF2CWj3g4,buena atencion
R_1Hk3WHQdTxtv62M,El grupo Maestra completo esta adherido a Mutual y hemos tenido un adecuado apoyo del Asesor Alejandro Pieringuer y Fernando Alba.
R_3fkCGjKRr5VS81f,Es la unica que atiende a microempresas
R_12mPMsxrEa7CP3F,"Disponibilidad de contacto, claridad en la propuesta, cordidalidad de la atencion "
R_31htF3YL2LaKOny,Prestigio Calidad de servicio  Ubicacion cercana a la empresa
R_1JJEgKvO7aLEyC1,Porque ya eramos parte de Mutual pero se realizo cambio de razon social y debiamos adherirnos con esta nueva Razo.
R_6gztv7i5WYS8hft,Tienen oficina en mi localidad
R_7OI6ZxbLsQ48sHr,Por pesimo servicio de ACHS 
R_6tDKRr9TE2htcLR,"Insistencia del Ejecutivo, Creemos que el servicio que entrega mutual es mas personalizado y mejor que el de ACHS"
R_6emndiFV49YRczu,"Excelente Asesoria y atencion de parte ejecutiva Pamela Monsalve sucursal de Temuco, muy comprometida a entregar asistencia y asesoria, felicitaciones."
R_7d51TMLsuFlikBA,La principal razon fue adherir nuestra empresa junto a nuestros trabajadores para poder entrar en obra ya que somos una empresa nueva 
R_3gAvAUwIe5xzbeF,"Agilidad para adhesion, buena atencion de los ejecutivos y gran red de centros de atencion "
R_7Aelr3j7ugTFGjD,me adheri porque necesito: .- mayor presencia del asesor de prevencion. .- planes de capacitacion. .- programas de salud
R_5n7bOLpAVYk1OBT,1 x mis trabajadores  2 que estean protegidos  3 cumplir con las normas 
R_3mOCMQWS3vOBw9b,Beneficios para trabajadores Servicio de Prevencionista de Riesgo
R_1fDOyIwBLfjjNVp,Por que tenemos todas nuestras empresas en mutual y la atencion a sido buena
R_1FRsegPeHgUJAuN,Imagen en el mercado Buena calidad de apoyo Disponibilidad permanente de capacitaciones 
R_6gLApQCI8jDmVgA,Prestigio Seguridad Confiabilidad
R_1QfiQbAytepb297,Tenia laa otras empreaaa
R_6JsfAujopakrvXH,Confianza Seguridad Confiabilidad
R_1rIKTxQSbhtXOWe,"Confiabilidad, responsabilidad y rapidez"
R_1Ex2SexKnGoO38B,"la gestion, se que es de las mejores "
R_1kNdYxYql5YbZg1,Buenos comentarios de colegas  Proceso sencillo Buena respuesta de los ejecutivos al contactarlos 
R_62XWDUNVQCA98mZ,Prestigio de la Mutual Conozco su operacion desde una empresa anterior donde trabaje Calidad de Servicio.
R_7qqSRCM3KGrNIZP,Por el prestigio como mutualidad La facilidad para afiliarse cantidad de sucursales y facil acceso a centros medicos
R_30Nj6ruiB2yTo1W,Claridad en la informacion Agilidad en el reclutamiento Rapidez del tramite
R_3B9BwSj6wGy0qrI,Por sus excelentes recomendaciones 
R_7y3dnhccjaKMz0T,Confianza Reconocimiento Recomendacion 
R_1tG4GmiNc0HLf2y,Buena Gestion del ejecutivo Rapidez  Claridad en la informacion   
R_3R3OJ4Qn2Ei1HRG,"Anteriormente con otras empresas se estuvo en Mutual, y siempre hemos sabido de la buena atencion que entregan a los afiliados "
R_3VEC4zYZCQVSlkU,"Por la atencion del area administrativa  Por trayectoria Por experiencia de un familiar en algun minuto en concepcion, excelente atencion "
R_6owoHKWdsEuHxFo,"Prestaciones, reputacion, atencion"
R_3F9xYYjimjU7OdX,Por la excelente atencion y rapidez en el proceso.
R_3H6riuKL1NQkPXX,Es la atencion y la puntualidad y el respeto que nos tienen como trabajadores 
R_5mE5Jzxsclfldsw,La seriedad e importancia que le dan a sus afiliados 
R_5DvXv3DA3j4N08j,1 AMAVILIDAD DE LA EJECUTIVA EN LA ENTREGA DE INFORMACIO 2 FACIÑIDAD EN LA ENTREGA DE DOCUMENTACION 3  
R_70U7tQRxI7iasrE,confianza rapidez claridad
R_22KfGRQncIiouPT,"1. La ACHS no es muy preocupada de sus afiliados, principalmente se dedican a amenazar con multas, prestando poco apoyo para mejorar el tema seguridad. 2. La ejecutiva fue muy eficiente y clara al entregar la informacion. 3. La Mutual es cliente antiguo nuestro"
R_6V1lT48t9g0DGdX,Supuestamente tiene mejores beneficios que la achs 
R_32MBOh0gv39MYVX,POR EXPERIENCIA DE OTROS ADHERENTES QUE ME LA RECOMENDARON
R_5COGgPvJj3IhOnk,Cada vez que se necesita contactarse con Ud es rapido Ejecutiva Comercial muy buena Asesor de prevencion excelente
R_5wsjEun5IBS1Hww,1.- Asesoria por una ex colega prevencionista  2.- Economia  3.- Cobertura 
R_5goUVVeIPs1NFdW,RECOMENDACIoN FACILIDAD DE ADHESION CLARIDAD EN PAGINA WEB
R_1HZuO5ETEjmfjGh,por mi cercania con la institucion por su prestigio  nivel de resolucion
R_15BfdzMHWVtfPcX,Distancia Portal web Sistema de Capacitaciones
R_73lkx5tNbXPTsIx,"Por la rapidez en las prestaciones, por las instalaciones."
R_3WbIeusk5NSUquB,1) cuentan con un sistema de gestion muy humanitario. 2) excelentes profesionales a la hora de solicitar apoyo. 3) La Gestion Proactiva.
R_70o3AJtHhNYgX5t,Recomendacion externa
R_6KW4PVjAOU5SJzI,Porque es muy buena la atencion. Mejor servicio y mejores beneficios. 
R_1j7VlKtnvGAfDnF,Por su excelente experiencia y ejecucion de su servicio 
R_6xG0wYzhBwT4O3O,Agilidad  concretar procesos  profesionalismo de la ejecutiva. 
R_7KMTOMpLQzPeivG,Rapides en la informacion Claridad
R_1r6o90lJN8H904f,"rapidez, contacto y servicio"
R_7Twx2T24xt7oBUt,1.la capacidad de los doctores  2.la preocupacion de la movilizacion  3. La importancia de la documentacion acias la empresa de manera inmediata   
R_1YKyxkpJXKgDBHr,Muy rofesionales. La rapidez  Simpatia 
R_7q3uuWS9zzGbnwx,"por el prestigio que tiene, por recomendacion de un amigo y por la calidad de atencion frente a accidentes."
R_35SYFhbnfhjySj6,La presentacion de la ejecutiva y facilidad de la documentacion entregada 
R_51Aie1DfK3WmFo6,1 Mi padre y madre son adherentes de Mutual de Seguridad con su empresa. 2 La buena disponibilidad del Asesor de Mutual. 3 Y me gusta la informacion permanente que tiene Mutual con sus afiliados.
R_6SBN7flGSA8CX4o,Siento que les importa mi empresa
R_7c01BSuDL02NNRv,Confiabilidad 
R_3tsIs9GnTiiknYJ,"Ya estaba adherido, por temas de falta de trabajo, eliminaron a nuestra empresa. "
R_131XGohYua9zyJd,buen servicio preocupacion efectividad  
R_6oTkaUDIXeZHjVC,Mantener a trabajadores en un ambito seguro
R_6FxgQG5VvN2kLZy,Conocer a la empresa Conocer la pagina web y la forma de funcionar prestigio
R_5hgNLPWSFGbG5FL,Confianza  Claridad  Afectividad 
R_7I9Lchg2eqGO0E2,presencia en las necesidades a solicitar apoyo  facilidad de acreditar documentos
R_3ezuOhDw2KTvoSc,postular a licitaciones y creo que es la unica que ayuda a las micro empresas. como trabajador siempre tuve buena experiencia con mutual apesar de nunca recurrir a sus servicios. proteger a mis trabajadores
R_7kLC5R9va14DCoS,Por su prestigio 
R_3jYCMecrqP1kC3s,"servicios, disponibilidad y rapidez"
R_793QoQQN75umAtE,"facilidad, tiempo, clarida"
R_6qI7gJk1Cd2AwMh,"no se quien es DANIZA CAROLA y el correo derazo@gmail.com al cual me estan llegando multiples correo de esta mutual no es de ella, por favor corregir."
R_7LGTky5TXnpvk2g,Mejor mesa de trabajo Mejor Mutualidad Rapidos en dar respuesta 
R_2CI40XqgUenT6z4,Organizacion privada Servicios a los afiliados Pag web amigable
R_3tyP7UJarlWCVPI,necesidad  informacion cordialidad
R_6IZhDjiwT6jYpnU,Programas de la camara chilena de la construccion Rapidez y expedita plataforma  para la gestion de agendamiento ocupacional Asesoria constante por parte de profesionales higienistas La gran capacidad de liderazgo y manejo en leyes por parte de mi prevencioncita de riesgos Mariela Maldonado Maldonado 
R_6MYtCxAKuIBXJz9,informacion clara. asesoria
R_5cAVK7gk2ZuyI0S,"Confianza en la Mutual , transmitida por la ejecutiva  "
R_1OoWPzo3M2cSVdr,Buen servicio  Ya estabamos con ustedes antes Capacitaciones  
R_7EQfyXYKN6aYRyd,pensamos que seria mas rapido que el ist
R_3wbCMfXDIsplTac,Cordialidad Buena atenciòn. Responsabilidad.
R_1HD4GOtXtffLOPn,LA SEGURIDAD Y PRONTA ATENCION A LOS TRABAJADORES
R_5heanD7M2S1tp17,"Por que conozco empleadores que han sido adherentes de mutual y los han atendido  bien,  tengo recomendacion de su trabajo con trabajadores atendidos en mutual y ademas las charlas y visitas se sus profesionales tambien, y han sido buenos.  Todo esto a sido en regiones. "
R_5Xo2p4CNQCpROhB,mas apoyo a las pymes
R_3Qyzos4cPapzTiJ,Atencion Rapidez Contencion 
R_9lr0aiqJJeNuwAV,por dar una atencion muy buena
R_3R82P1lkf7hW2Tn,Para dar mejor proteccion y atencion en eventuales accidentes  a todas las personas que trabajan en la empresa.
R_5Eg8poUAO881p9x,Mejor servicio y calidad 
R_6Nlf5sLR6qp8Xh9,"Facilidad, tiempo y buena atencion. Esperamos que esto se mantenga en el tiempo, no solo en el cambio."
R_6yqmb9mUqEcTl3K,Confianza
R_5KZWb380Y5EhLDl,ninguna
R_3hNlxQeQNXFZdEm,1 Mala gestion de la competencia 2 Trayectoria 3 cobertura 
R_51gcRj1p8Q9poj2,"Cobertura y proteccion para mis trabajadores: La principal razon para adherirme a la Mutual de Seguridad fue asegurar que mis trabajadores contaran con cobertura en caso de accidentes laborales o enfermedades profesionales. Buscaba una institucion que ofreciera una atencion rapida, eficiente y especializada, garantizando su bienestar y permitiendo que pudieran reincorporarse a sus funciones con el debido respaldo medico.  Prestaciones medicas y rehabilitacion especializada: Considere que la Mutual de Seguridad ofrecia una red de atencion medica con especialistas en traumatologia, rehabilitacion y examenes diagnosticos, lo que permitiria un tratamiento adecuado y oportuno en caso de incidentes laborales. La promesa de contar con medicos calificados y centros de atencion adecuados fue un factor determinante en la decision.  Acompañamiento en la gestion de prevencion de riesgos: Ademas de la atencion medica, confie en que la Mutual proporcionaria asesoria en la prevencion de riesgos laborales, con programas de capacitacion y supervision que ayudarian a minimizar los accidentes en el trabajo y mejorar las condiciones de seguridad en el entorno laboral.  Dado lo expuesto en la evaluacion de mi experiencia reciente, he constatado deficiencias en la calidad del servicio, especialmente en los tiempos de respuesta, la falta de organizacion y la incorrecta gestion de traslados y licencias medicas, lo que pone en duda el cumplimiento de estos principios fundamentales."
R_7oMbsj5Xeq5LF3s,"comprometieron actuacion correcta para tratar situaciones de borde en el servicio, alta empatia unida a voluntad de accion (adecuada)"
R_5sZsQjXhJYdpvNT,Confiabilidad  Trayectoria 
R_59cy4EvlBzoaW12,excelente
R_51FXrFsyRJYf5pt,MAS CONFIABLE
R_7IykFlJBNAPzRZN,Confianza de nuestros colaboradores 
R_6CabNVW4wW11aDL,Seguridad Calidad y Servicio
R_5Rw8dsMqWwJEIxm,"1. Cobertura 24/7, mayor y mejor infraestructura de respuesta a la Ley 16744. 2. Facilidad y flexibilidad para gestionar capacitaciones. 3. Mayor abanico de productos preventivos."
R_6P8EZehBxfIYkHn,siempre hemos estado con ustedes
R_1AWyUiKRK4GHr9L,"No querer seguir pertenciendo a la Achs, por su incompetencia El ""conversar"" con una maquina  No cumplir con  los progframas de prevencion comprometidos"
R_7NZhi6pi61Fe7ZL,CERCANIA DE CENTRO DE ATENCIoN PRESTIGIO
R_1KwpTmXC7SjvGah,Trayectoria de la Mutual Cantidad de oficinas Seriedad 
R_7wtaXZv3uqRtHCM,problemas con la otra mutualidad en resolucion de conflictos y solicitudes
R_6MfLvzfsAnIzR5b,"Necesitamos un respaldo para nuestros trabajadores y mutual entrega un buen servicio, nos da confianza tener adherido al equipo de trabajo con Uds."
R_6lXkjztzOJtIk3E,Prestigio Atencion Tranquilidad para los trabajadores
R_5LFsINrSOhKJAwV,Presencia en la Zona Confianza Cumplimento de compromisos
R_6Rt2iJTSzmXKi4L,1.- su atencion 2.- Claridad 3.- Respuestas
R_7fk7JbtofohiBHY,"Cobertura, Profesionalismo y Confianza"
R_7QYP6lD4lGUL4PV,Nos la recomendaron La disponibilidad de la ejecutiva Facilidad de acreditar documentacion
R_53C99xUgICJO449,Buenas referencia y experiencias atiguas con otra empresa
R_3HAr28CsmRYTL7X,confianza garantia atencion
R_3qQhGecfGQXqDrb,Por los antecedentes que tenia Por la calidad de doctores y infraestructura Por problemas con la Achs
R_1Bi2EqowfnPLICl,respuesta inmediata eficiencia eficacia
R_5j4TA68bYR7aIZr,1.-Falta de atencion adecuada ejecutivo de anterior mutualidad. 2.-Informacion importante muy desfasada en tiempo. 3.-Disconformidad en determinacion de enfermedad laboral.
R_3IcW0VgpSDOOa1y,cobertura atencion disponibilidad
R_3W6QSPDEAumflFD,que me explicaron los beneficios que tiene y ademas que tenemos una relativamente cerca
R_7P0GY0rGrb01uC6,"Porque se me informo que era mas rapida en respuestas, con mayor facilidad de cursos, etc que a la fecha no ha funcionado. Esto sabiendo que desde 01 de mayo deberiamos iniciar"
R_60ZJQpofYqEVjIq,Conocimiento  Sucursales procedimientos para examenes
R_1KJC1f7RFxoJXFx,mejor prestaciones y rapidez para mis empleados en caso de emergencias
R_7EiXFcs5l5X4UZX,Todo ok
R_7PuND3G2NoUn2oq,queria un mejor servicio
R_5pEbg1MO1gZcIB3,Por la disponibilidad  La adaptacion de la propuesta  a las necesidades de la empresa  Facilidad para acreditar documentos 
R_1mR8fLQCKtRIpE1,Instalaciones Prestigio Cobertura
R_53vfEl8hImNWNA6,Porque conozco la empresa de antes Es rapida su atencion Y lo principal que siempre hay disposion de algun ejectutivo en terreno.
R_5iP9Y7ri6P5bpk5,"LA EXPERIENCIA, ATENCION Y DISPONIBILIDAD"
R_7qz92SQMN9tIJij,Buenas atencion 
R_7KF7BcwGjYQOFFf,Tiene mejor prestigio y mas conocimiento en cuanto a prevencion.  Debido que trabaje un tiempo con ustedes en otra empresa
R_6eOtfZVKZr18FH6,1. Siempre una buena atencion a los accidentados  2 . Criterio y disponibilidad en la parte administrativa  3 . Eficiencia y disponibilidad de su gente . 
R_6qqaYszu479fozW,Falta de conexion y de seguimiento por parte de la anterior administradora.
R_737CvTML1cQ2Q7c,LA RAPIDES  AMABILIDAD CON LOS TRABAJADORES  EXELETE SERVICIO  CLARIDAD EN LAS RESPUESTAS 
R_3uQWNNzC7x20slY,"Por que anteriormente habia trabado con ustedes, y estan mas presentes para ayudar "
R_7adugf3hA6JQGRz,1. YA HABIA ESTADO EN MUTUL ANTERIORMENTE. 2. CONOZCO LAS INSTALACIONES. 3. ME DA CONFIANZA.
R_7I4dwMCYwAqfI68,"POR LA CONFIANZA , LA EXPERIENCIA , SERIEDAD COMO INSTITUCION ."
R_3FX2LTIbYzJcsEA,"Como empresa, llevamos tiempo asociados a esta Mutual."
R_5Hw4xhM9W8cKQil,"No exigen un minimo de trabajadores, lo que acerca a las pequeñas a la mutualidad. "
R_1WbzMotw46nQ7L3,rapidez seriedad atencion
R_6jpJi0tw8hPNfyi,La rapidez en todos los sentidos y tener buenos profesionales de la salud 
R_6d6KsTg6YXOnEg9,"Claridad informacion, facilidad para acreditar la documentacion y tiempo que toma el proceso de adhesion"
R_514cGKhqBySqvTw,-Prestigio y reconocimiento por todos sabido. -Cuenta con todos los requerimientos para prevencion y apoyo integral ante eventuales accidentes y/o en enfermedades profesionales. -Beneficios adicionales para trabajadores. 
R_77I1TieOWhmpT3G,Confianza Seguridad de que la atencion es optima el Profesionalismo de las personas que trabajan ahi 
R_1lGkkLx6MDr6gvL,"1. Las gestiones administrativas expeditas.  2. Resolucion de situaciones de los trabajadores. 3. Atencion de calidad, no hemos tenido inconvenientes en ninguna de las torres que administramos. "
R_6DOb50cFAi5My6n,El holding de empresas esta adherido a Mutual Buena experiencia al momento de consultar informacion Atencion rapida y eficiente en sus recintos de atencion
R_10NNri4fHTz8k8M,"Exigencia de empresa contratista. Mi contador me pide que sea en mutual, por el buen desempeño que tienen, segun El. Le hice caso a mi contador "
R_732TVSAmJhMyUbd,Por rechazos de la achs sin fundamentos en licencias 
R_1xW3EWbMAKJdQZm,Ya la conocia Red nacional cumple necesidades 
R_6jr88fb4Cg9FrP3,"necesidad de la empresa, seguridad personal, rapidez de respuesta ejecutivo"
R_5g8wQ7MOqOlVeaP,contacto ejecutivo claridad cordialidad
R_5EHmijUWEiuVPZk,Estar protegido en caso de accidente Por tener cobertura en cualquier punto del pais Por la rapidez de los ejecutivos para realizar la incorporacion 
R_1opauFf7cXXeo3n,Atencion ejecutivo. Atencion da mutual actual que no es bueno.
R_5rTHR7SfNLKCU7y,"Insistencia Igualdad de costos con sus similares Ofrecen capacitaciones, botiquin, señaleticas, entre otros, pero no ha pasado nada. Dejaron de contactarse una vez que se firma el contrato. "
R_7CiUZ9PteGy9DdQ,por que es la unica que conozco 
R_5jAI84gBuKaA6dt,Seguridad  Confianza  Responsabilidad 
R_6k6RIqTNkXL9iqO,DILIGENCIA Y CERCANIA DE CENTROS DE ATENCIoN.
R_511iRncaHKmZdOh,respuesta amabilidad profesionalismo
R_1irGQDPrO5NH6VJ,Sistema de gestion en Prevencion de Riesgos. Sistema de atencion a los trabajdores Traslado a los trabajadores. 
R_6sX7PgEdvlYotdz,"RAPIDEZ, ATENCIoN Y FACILIDAD"
R_7dj6c562Dr6SNMP,Debido a la importancia que genera estar adherido ante cualquier accidente de un trabajador.  Lo importante que es en cuanto a estar controlando al personal con sus examenes  Las opciones de Cursos que ofrecen que muchas veces son importantes y tambien son parte de las exigencias para desarrollar algun proyecto
R_1K0KyY0x9rL49WN,arancel y calidad en la atencion 
R_12ob0XzDJloR3AR,"Buen servicio, apoyo y experiencia "
R_1yabPxPSfPS6Xu8,Otro subcontrato lo tiene
R_5PXCaW5ZRct7sr7,"Rapidez en responder, en el tramite de adhesion. Poca burocracia, no asi en organismos como IST."
R_6prqi7QwJXKDdzD,por mi prevencionista  la recomendo 
R_7NW8Y9kr3sfFjk5,La unica razon es que me la recomendaron muy bien
R_7HiPCABztFyXStY,Anterior mente tenia una empresa en este hospital y para esta nueva empresa debido al buen resultado e  Desidido seguir en la misma Institucion 
R_3QxsruS8wLaZYm3,Mayor acompañamiento para la prevencion de las trabajadoras y usuarios  Mejor seguimiento de los casos
R_5GrOWqVnF63Tgwp,LA CONOZCO SE DE LA ATENCION A TRABAJADORES BUENA ATENCION
R_3Gj1Idj0htmRrPK,1.- Plataforma digital muy eficaz. 2.- Cursos online-capacitaciones. 3.- Proceso rapido en elaboracion de certificados
R_3mmUfG6hnTY6XH6,"1. La principal razon fue contar con un respaldo solido en materia de prevencion de riesgos. Mutual de Seguridad ofrece asesorias, capacitaciones y herramientas que fortalecen la seguridad de los trabajadores, lo que es clave para crear ambientes de trabajo responsables y protegidos.  2. Tener la tranquilidad de que, en caso de un accidente del trabajo o enfermedad profesional, los trabajadores tendran acceso a atencion medica oportuna, especializada y sin costo, fue un factor decisivo. Es una forma concreta de cuidar a nuestro equipo.  3. Adherirnos a Mutual de Seguridad tambien asegura nuestro cumplimiento con la Ley 16.744 y las normativas vigentes en materia de seguridad laboral. Contar con el respaldo de una institucion reconocida aporta seriedad y confianza ante clientes, trabajadores y entidades publicas."
R_3DmNWLeaOkqHjcl,Era adherente tiempo atras. Su trayectoria en seguridad y apoyo a la empresa. Su sistema de atencion ocupacional y preocupacional
R_5M3l8Slv6W6hYJz,Problemas generados por ejecutivos de Achs Mala atencion de Achs Mala experiencia con Achs
R_3GwVt5KQLHoYYgO,1 profesionalismo  2 Responsabilidad con los pacientes  3 Empatia del personal 
R_5v17NXDqRcWzZA6,Confianza  Excelente plataforma on line  Red de sucursales 
R_5b2ZhOIhOcCleSd,Responsabilidad calida y eficiente 
R_5OouJI7sWj0H33x,Creo conocer los procesos y eso me facilita el trabajo.
R_1P7KJkVb2OLtx0B,"Rapidez, buena comunicacion y excelente plataforma para descargar los certificados en linea "
R_6qZMlSaJ2eaP9i0,por que lo necesitaba
R_7mLvs9rQKULzHTj,tiempo que toma el proceso de adhesion claridad de la informacion y propuesta entregada por el ejecutivo disponibilidad de contacto del ejecutivo
R_7Y5JJTLzXx1gIpg,Tiene buena fama he escuchado buenos resultados y nos queda cerca una oficina
R_7IRIsFQKeOZv56w,"cordialidad, rapidez y lo claro en la informacion "
R_7bnifBU6xe6IKT7,LA PRONTITUD EN SUS REPUESTAS LA AMAILIDAD DEL PERSONAL LA ATENCION PESONALIZADA QUE REALIZAN 
R_3YPcm9mPmBqN9Og,Pense que el servicio seria mejor. Pero no es asi 
R_6zrcAFQ5K5uiDu1,"Donde  trabaja antes  estaba en  mutual , "
R_5YMRx06aPGu8cSJ,Fue recomendada por otros adherentes 
R_5V2BLL0OO7swCzJ,"nuestra mutualidad anterior se demoraba mucho en respuesta, y sin buenos cursos ni recursos para las empresas asociadas."
R_1t2KaRcnV8u4QJL,"Por experiencia, 1.- El profesionalismo del personal que da la primera atencion. 2.- la facilidad que otorga la mutual en el ingreso de algun paciente 3.- El soporte que da en materia de Seguridad y prevencion "
R_1d10B9EpN2XpZKh,La sucursal virtual es muy amigable Facilidad de gestion Cobertura
R_1M3BpKwMNQFG2Io,1.- Eficiencia 2.- Me la recomendaron 3.- Cercania de su oficina a mi domicilio
R_5O0rjvp7bSknx2Y,Yo estaba primero en la isl y el proceso de tramites a mis requerimientos muy lento. La constructora en la q trabajo me pidieron q me afiliara a la mutual Los tramites documentarios muy rapidos 
R_3n8zFpAn6F3C5RM,Claridad en la informacion facilidad para acreditar documentos tiempo que toma el proceso de adhesion
R_6SGCvVtKj4CX7vH,PARA GARANTIZAR LA SEGURIDAD DE LOS TRABAJADORES 
R_58hZrwlDJyI96Hn,Excelente 
R_3bR6ETe0Ij9UwaR,"BUENA ATENCION, RAPIDEZ, RESPUESTA CLARA"
R_6huUiZ7iihXHHWT,1.- tiempos de respuesta 2.- calidad atencion 
R_5JRs2vdeZWYipK0,Por los.beneficios para mis trabajadores
R_69620xqkgKhoXbu,seguimiento del experto  cordialidad y atencion cuando requeriamos algo seguridad para nuestros trabajadores
R_3HSb4DGqVesiCx2,"1.- Solo porque la ejecutiva Sra. S. Gallardo supo venderme muy bien el producto 2.- hizo que creyera en ella y que era fiable los beneficios que entregara la institucion que ella representa  3.- ya estuvimos con ustedes anteriormente y nos retiramos, ella logro que nos reencantaramos y confiaramos  "
R_6Xr0hUoTWXCEASJ,Por recomendacion del prevencionista de riesgos
R_1KVzA9q0466X237,"La Rapides en las respuestas, la disposicion de la ejecutiva.-"
R_7M4ZRqsxtd71XY6,porque no estabamos en ninguna 
R_7hzrALqrc8VYzeV,Primera razon es la importancia que le dan a cada adhesion La facilidad para inscribirse El buen trato tambien es muy importante.
R_1IaSoCuJWofTub7,Para poner en regla mis documentos  y tener mejor seguridad  para el personal 
R_5o2lKneKJ7TOBQB,"Cobertura ante accidentes laborales, asesoria en Prevencion, capacitacion"
R_6Lb8Am7MQRIYfj9,Adaptacion a nuestra empresa Facilidad para la adhesion Ejecutivo siempre disponible para aclarar dudas en el proceso de adhesion
R_6FCAbF4PJWH3OCI,RAPIDEZ SUCURSALES 
R_6K3fgidGPkdpXfv,Buenas referencias Facilidad con el mandante
R_3TSLFCoq8JfORvG,Confianza y transparencia de la ejecutiva. Facilidad en la incorporacion.  Ubicacion estrategica del centro.
R_5ixb4AxWAoLaimk,un mejor servicio para los trabajaores sin pagos extras
R_17wqe4MsIa0z8fD,Gracias todo bien. 
R_5JzH3zgjfACNTpf,Hospital cercano
R_5lmI4bs49HYek4p,"claridad de la informacion, cordialidad del ejecutivo, disponibilidad de contacto del ejecutivo."
R_5I72fKAzvAq90mB,"1- MUTUAL DE SEGURIDAD MAS CERCANA AL PUESTO DE TRABAJO. 2- EXPERIENCIA QUE TIENE EL PREVENCIONISTA CON LA MUTUAL. 3- OBTENCION DE BENEFICIOS, CAPACITACIONES Y ASESORIAS ESPECIALIZADA."
R_3KeZZR9BIvVEZe0,POR EL PROCESO DEE ATENCION AL ACCIDENTADO Y POR EL APOYO QUE EN OTRAS OCASIONES HE RECIBIDO EN CUANTO A CAPACITACIONES
R_5Ke9b2iLfDdez6k,Ya pertenecemos con algunas otras empresas a mutualidades de seguridad y lo hacemos para mantener la misma gerencia 
R_5f2wwBAVZWdOT4U,Ya habiamos pertenecido a mutual y me era mas familiar por mi experiencia anterior 
R_5FBMxctzTwcanXX,Es rapida la atencion a los trabajadores lo cual es importante en una empresa Tienen claridad en la informacion entregada y propuestas de adhesion Cuentan con ejecutivos proactivos y atentos ante las necesidades de la empresa
R_5g5kzFul8nLnBAs,La sucursal virtual que es mucho mas amigable que las demas mutualidades. la atencion en sucursal a los trabajadores accidentados la rapida respuesta en los canales de atencion. 
R_1r0IzOcUvV00gXe,"QUIERO ESTAR PROTEJIDO EN CASO DE ACCIDENTE Y USTEDES SON LOS MEJORES, SEGUN ME RECOMIENDAN. "
R_5RaOHjWRwE5XCRH,Seriedad Profesionalismo y  Respaldo
R_7C1G76OpOJWWyAx,"Por la cercania, por las buenas experiencia que hemos tenido con la mutual y la rapidez de la atencion. "
R_7T4ixEd9L35N0J3,"Como prevencionista de riesgos, siempre trato de adherir las empresas que asesoro a Mutual. Se me hace mas amigable la plataforma y los requerimientos se responden mas rapido."
R_5fbstBNfwNeNtyF,Experiencia anterior con la empresa
R_3Fn5BShyXcZfQK2,Mejorar prestaciones de examenes ocupacionales de nuestro personal 
R_3IXHCqS0472cdm9,"La ejecutiva es muy paciente, tiene disponibilidad de explicarnos todo muy detallado, un excelente servicio"
R_5AiTuvRVrnr7ePD,"cercania, referencias "
R_76l2wrP4c80BjBh,Confianza Cobertura Zonal Continuidad
R_11YXQEtiyC7VxYt,"Calidad de atencion, infraestructura, personal."
R_829osQ6JK540gax,por recomendacion
R_5HANUVoUDxQLLTV, ES MUCHO MAS CLARO Y QUE LA INFORMACION ESTA MAS A LA MANO
